SchemaName,TableName,ColumnName,DataType
dbo,AUTH_CURRENT_SESSION,ID,int
dbo,AUTH_CURRENT_SESSION,SID,uniqueidentifier
dbo,AUTH_CURRENT_SESSION,LOGIN_ID,int
dbo,AUTH_CURRENT_SESSION,HOST,varchar
dbo,AUTH_CURRENT_SESSION,TS,datetime
dbo,AUTH_CURRENT_SESSION,RAW_PLATFORM,varchar
dbo,AUTH_CURRENT_SESSION,RAW_SCREEN_INFO,varchar
dbo,AUTH_CURRENT_SESSION,RAW_USER_AGENT,varchar
dbo,AUTH_CURRENT_SESSION,RAW_ACCEPT_LANGUAGE,varchar
dbo,AUTH_DENY_HISTORY,LOGIN_ID,int
dbo,AUTH_DENY_HISTORY,HOST,varchar
dbo,AUTH_DENY_HISTORY,TS,datetime
dbo,AUTH_DENY_HISTORY,REASON,int
dbo,AUTH_GROUP,ID,int
dbo,AUTH_GROUP,NAME,varchar
dbo,AUTH_GROUP,PERMITTED_TILL,datetime
dbo,AUTH_GROUP,LOCKED,numeric
dbo,CDN_Channels,id,int
dbo,CDN_Channels,OperatorID,int
dbo,CDN_Channels,VersionID,int
dbo,CDN_Channels,Name,nvarchar
dbo,CDN_Channels,StreamID,int
dbo,CDN_Channels,Comments,nvarchar
dbo,CDN_Channels,CASID,int
dbo,CDN_Channels,BufferStream,int
dbo,CDN_Channels,IndexFrames,int
dbo,CDN_Channels,ClearBit,int
dbo,CDN_Channels,RegenCounters,int
dbo,CDN_Channels,PrimarySourceID,int
dbo,CDN_Channels,HTTPreqID,int
dbo,CDN_Channels,BufferSpeed,int
dbo,CDN_Channels,UnbuffHTTPreqID,int
dbo,CDN_Channels,MulticastAddr,nvarchar
dbo,CDN_Channels,UPDDATE,datetime
dbo,CDN_Channels,USERID,int
dbo,CDN_Channels_Sources,id,int
dbo,CDN_Channels_Sources,ChannelID,int
dbo,CDN_Channels_Sources,SupplierID,int
dbo,CDN_Channels_Sources,url,nvarchar
dbo,CDN_Channels_Sources,Enabled,int
dbo,CDN_Channels_Sources,UPDDATE,datetime
dbo,CDN_Channels_Sources,USERID,int
dbo,CDN_Devices,id,int
dbo,CDN_Devices,OperatorID,int
dbo,CDN_Devices,VersionID,int
dbo,CDN_Devices,RegionID,int
dbo,CDN_Devices,Name,nvarchar
dbo,CDN_Devices,Role,int
dbo,CDN_Devices,Comments,nvarchar
dbo,CDN_Devices,PrimarySource,int
dbo,CDN_Devices,SecondarySource,int
dbo,CDN_Devices,TertiarySource,int
dbo,CDN_Devices,ManagementAddress,nvarchar
dbo,CDN_Devices,MulticastInterface,nvarchar
dbo,CDN_Devices,MulticastVLAN,nvarchar
dbo,CDN_Devices,TemplateID,int
dbo,CDN_Devices,UPDDATE,datetime
dbo,CDN_Devices,USERID,int
dbo,CDN_Devices_Addresses,id,int
dbo,CDN_Devices_Addresses,DeviceID,int
dbo,CDN_Devices_Addresses,IP,nvarchar
dbo,CDN_Devices_Addresses,Comment,nvarchar
dbo,CDN_Devices_Addresses,UPDDATE,datetime
dbo,CDN_Devices_Addresses,USERID,int
dbo,CDN_Devices_Channels,id,int
dbo,CDN_Devices_Channels,DeviceID,int
dbo,CDN_Devices_Channels,ChannelID,int
dbo,CDN_Devices_Channels,Status,int
dbo,CDN_Regions,id,int
dbo,CDN_Regions,OperatorID,int
dbo,CDN_Regions,Name,nvarchar
dbo,CDN_Regions,Comments,nvarchar
dbo,CDN_Regions,Deleted,int
dbo,CDN_Regions,UPDDATE,datetime
dbo,CDN_Regions,USERID,int
dbo,CDN_Suppliers,id,int
dbo,CDN_Suppliers,OperatorID,int
dbo,CDN_Suppliers,Name,nvarchar
dbo,CDN_Suppliers,Comments,nvarchar
dbo,CDN_Suppliers,Deleted,int
dbo,CDN_Suppliers,UPDDATE,datetime
dbo,CDN_Suppliers,USERID,int
dbo,CDN_Versions,id,int
dbo,CDN_Versions,OperatorID,int
dbo,CDN_Versions,Name,nvarchar
dbo,CDN_Versions,Comments,nvarchar
dbo,CDN_Versions,CASPID,int
dbo,CDN_Versions,IndexPID,int
dbo,CDN_Versions,HTTPPort,int
dbo,CDN_Versions,UDPPort,int
dbo,CDN_Versions,PreferBuffered,int
dbo,CDN_Versions,SetAllCoreSources,int
dbo,CDN_Versions,Type,int
dbo,CDN_Versions,UPDDATE,datetime
dbo,CDN_Versions,USERID,int
dbo,CUTV_Category,ID,int
dbo,CUTV_Category,Name,nvarchar
dbo,CUTV_Category,Description,nvarchar
dbo,CUTV_ExtractAndCleanRule,ID,int
dbo,CUTV_ExtractAndCleanRule,Regex,nvarchar
dbo,CUTV_ExtractAndCleanRule,OrderWeight,int
dbo,CUTV_Record,ID,int
dbo,CUTV_Record,SeriesID,int
dbo,CUTV_Record,NpvrRecordID,int
dbo,CUTV_Record,ChannelID,int
dbo,CUTV_Record,StartTime,datetime
dbo,CUTV_Record,EndTime,datetime
dbo,CUTV_Record,Duration,int
dbo,CUTV_Record,UnixStartTime,int
dbo,CUTV_Record,UnixEndTime,int
dbo,CUTV_Record,Name,nvarchar
dbo,CUTV_Record,EpisodeText,nvarchar
dbo,CUTV_Record,Synopsis,nvarchar
dbo,CUTV_Record,Season,int
dbo,CUTV_Record,Episode,int
dbo,CUTV_Record,Expiry,datetime
dbo,CUTV_Record,Published,bit
dbo,CUTV_Resume,ID,int
dbo,CUTV_Resume,ClientID,int
dbo,CUTV_Resume,RecordID,int
dbo,CUTV_Resume,LastWatched,datetime
dbo,CUTV_Resume,Position,datetime
dbo,CUTV_Resume,AudioTrackLanguage,char
dbo,CUTV_Resume,SubtitleLanguage,char
dbo,CUTV_Resume,TotalRunningTimeInSeconds,int
dbo,CUTV_Resume,Watched,bit
dbo,CUTV_Series,ID,int
dbo,CUTV_Series,Active,bit
dbo,CUTV_Series,SeriesName,nvarchar
dbo,CUTV_Series,Description,nvarchar
dbo,CUTV_Series,SeriesSeasonExtractRegex,nvarchar
dbo,CUTV_Series,UseStartTimeAsEpisodeName,bit
dbo,CUTV_Series,TtlDays,int
dbo,CUTV_Series,CategoryID,int
dbo,CUTV_Series,AutoPublish,bit
dbo,CUTV_Series,AutoDeduplicate,bit
dbo,CUTV_Series,UniqueEpisodeNames,bit
dbo,CUTV_SeriesSearchPattern,ID,int
dbo,CUTV_SeriesSearchPattern,SeriesId,int
dbo,CUTV_SeriesSearchPattern,Active,bit
dbo,CUTV_SeriesSearchPattern,ChannelId,int
dbo,CUTV_SeriesSearchPattern,NameRegex,nvarchar
dbo,CUTV_SeriesSearchPattern,Mon,bit
dbo,CUTV_SeriesSearchPattern,Tue,bit
dbo,CUTV_SeriesSearchPattern,Wed,bit
dbo,CUTV_SeriesSearchPattern,Thu,bit
dbo,CUTV_SeriesSearchPattern,Fri,bit
dbo,CUTV_SeriesSearchPattern,Sat,bit
dbo,CUTV_SeriesSearchPattern,Sun,bit
dbo,CUTV_SeriesSearchPattern,StartTime,smalldatetime
dbo,CUTV_SeriesSearchPattern,EndTime,smalldatetime
dbo,dtproperties,id,int
dbo,dtproperties,objectid,int
dbo,dtproperties,property,varchar
dbo,dtproperties,value,varchar
dbo,dtproperties,uvalue,nvarchar
dbo,dtproperties,lvalue,image
dbo,dtproperties,version,int
dbo,IPTV_APPROVED_IMPORT,ID,int
dbo,IPTV_APPROVED_IMPORT,NAME,varchar
dbo,IPTV_APPROVED_IMPORT,DATE,datetime
dbo,IPTV_APPROVED_IMPORT,TEMP_ID,int
dbo,IPTV_AUDIO_CODEC,ID,int
dbo,IPTV_AUDIO_CODEC,CKEY,varchar
dbo,IPTV_AUDIO_CODEC,NAME,nvarchar
dbo,IPTV_CATEGORY,ID,int
dbo,IPTV_CATEGORY,NAME,nvarchar
dbo,IPTV_CATEGORY,RKEY,nvarchar
dbo,IPTV_CHANNEL,ID,int
dbo,IPTV_CHANNEL,CKEY,varchar
dbo,IPTV_CHANNEL,NAME,nvarchar
dbo,IPTV_CHANNEL,CRYPTER_ID,int
dbo,IPTV_CHANNEL,PCR_PID,int
dbo,IPTV_CHANNEL,VIDEO_PID,int
dbo,IPTV_CHANNEL,VIDEO_CODEC_ID,int
dbo,IPTV_CHANNEL,ASPECT_RATIO,numeric
dbo,IPTV_CHANNEL,STREAM_URI,varchar
dbo,IPTV_CHANNEL,REQUEST_ID,int
dbo,IPTV_CHANNEL,RECONNECT_REQUEST_ID,int
dbo,IPTV_CHANNEL,INITIALLY_LOCKED,bit
dbo,IPTV_CHANNEL,ADJ_DIGITAL_CONTOUR_REDUCTION,tinyint
dbo,IPTV_CHANNEL,ADJ_MOSQUITO_NOISE_REDUCTION,tinyint
dbo,IPTV_CHANNEL,ADJ_BLOCK_NOISE_REDUCTION,tinyint
dbo,IPTV_CHANNEL,ADJ_CONTRAST,smallint
dbo,IPTV_CHANNEL,ADJ_SATURATION,smallint
dbo,IPTV_CHANNEL,ADJ_HUE,smallint
dbo,IPTV_CHANNEL,ADJ_BRIGHTNESS,smallint
dbo,IPTV_CHANNEL,ADJ_SHARPNESS,smallint
dbo,IPTV_CHANNEL,ADJ_DEINTERLACER,bit
dbo,IPTV_CHANNEL,PIP_STREAM_URI,varchar
dbo,IPTV_CHANNEL,PIP_VIDEO_PID,int
dbo,IPTV_CHANNEL,PIP_WIDTH,int
dbo,IPTV_CHANNEL,PIP_HEIGHT,int
dbo,IPTV_CHANNEL,OVERLAY_PIP_DISABLED,bit
dbo,IPTV_CHANNEL,TS_SERVER_ID,int
dbo,IPTV_CHANNEL,TS_WINDOW_DEPTH,datetime
dbo,IPTV_CHANNEL,TS_STREAM_NAME,varchar
dbo,IPTV_CHANNEL,DESCRIPTION,nvarchar
dbo,IPTV_CHANNEL,RADIO_STATION,bit
dbo,IPTV_CHANNEL,FORCED_ASPECT_RATIO,bit
dbo,IPTV_CHANNEL,IPTV_WEB_URL,varchar
dbo,IPTV_CHANNEL,TENANT_ID,int
dbo,IPTV_CHANNEL,MULTICAST_URI,varchar
dbo,IPTV_CHANNEL,HLS_URI,varchar
dbo,IPTV_CHANNEL,TS_WINDOW_DEPTH_HRS,int
dbo,IPTV_CHANNEL,PictureID,int
dbo,IPTV_CHANNEL,TileID,int
dbo,IPTV_CHANNEL,TVSCHEDULE_SOURCE_URI,varchar
dbo,IPTV_CHANNEL,TVSCHEDULE_OFFSET_IN_MINUTES,int
dbo,IPTV_CHANNEL_AUDIO,ID,int
dbo,IPTV_CHANNEL_AUDIO,CHANNEL_ID,int
dbo,IPTV_CHANNEL_AUDIO,AUDIO_PID,int
dbo,IPTV_CHANNEL_AUDIO,AUDIO_CODEC_ID,int
dbo,IPTV_CHANNEL_AUDIO,LANGUAGE_ID,int
dbo,IPTV_CHANNEL_AUDIO,ADJ_VOLUME_LEVEL,smallint
dbo,IPTV_CHANNEL_AUDIO_F_20140917,ID,int
dbo,IPTV_CHANNEL_AUDIO_F_20140917,CHANNEL_ID,int
dbo,IPTV_CHANNEL_AUDIO_F_20140917,AUDIO_PID,int
dbo,IPTV_CHANNEL_AUDIO_F_20140917,AUDIO_CODEC_ID,int
dbo,IPTV_CHANNEL_AUDIO_F_20140917,LANGUAGE_ID,int
dbo,IPTV_CHANNEL_AUDIO_F_20140917,ADJ_VOLUME_LEVEL,smallint
dbo,IPTV_CHANNEL_CATEGORY,ID,int
dbo,IPTV_CHANNEL_CATEGORY,CHANNEL_ID,int
dbo,IPTV_CHANNEL_CATEGORY,CATEGORY_ID,int
dbo,IPTV_CHANNEL_F_20140917,ID,int
dbo,IPTV_CHANNEL_F_20140917,CKEY,varchar
dbo,IPTV_CHANNEL_F_20140917,NAME,nvarchar
dbo,IPTV_CHANNEL_F_20140917,CRYPTER_ID,int
dbo,IPTV_CHANNEL_F_20140917,PCR_PID,int
dbo,IPTV_CHANNEL_F_20140917,VIDEO_PID,int
dbo,IPTV_CHANNEL_F_20140917,VIDEO_CODEC_ID,int
dbo,IPTV_CHANNEL_F_20140917,ASPECT_RATIO,numeric
dbo,IPTV_CHANNEL_F_20140917,STREAM_URI,varchar
dbo,IPTV_CHANNEL_F_20140917,REQUEST_ID,int
dbo,IPTV_CHANNEL_F_20140917,RECONNECT_REQUEST_ID,int
dbo,IPTV_CHANNEL_F_20140917,INITIALLY_LOCKED,bit
dbo,IPTV_CHANNEL_F_20140917,ADJ_DIGITAL_CONTOUR_REDUCTION,tinyint
dbo,IPTV_CHANNEL_F_20140917,ADJ_MOSQUITO_NOISE_REDUCTION,tinyint
dbo,IPTV_CHANNEL_F_20140917,ADJ_BLOCK_NOISE_REDUCTION,tinyint
dbo,IPTV_CHANNEL_F_20140917,ADJ_CONTRAST,smallint
dbo,IPTV_CHANNEL_F_20140917,ADJ_SATURATION,smallint
dbo,IPTV_CHANNEL_F_20140917,ADJ_HUE,smallint
dbo,IPTV_CHANNEL_F_20140917,ADJ_BRIGHTNESS,smallint
dbo,IPTV_CHANNEL_F_20140917,ADJ_SHARPNESS,smallint
dbo,IPTV_CHANNEL_F_20140917,ADJ_DEINTERLACER,bit
dbo,IPTV_CHANNEL_F_20140917,PIP_STREAM_URI,varchar
dbo,IPTV_CHANNEL_F_20140917,PIP_VIDEO_PID,int
dbo,IPTV_CHANNEL_F_20140917,PIP_WIDTH,int
dbo,IPTV_CHANNEL_F_20140917,PIP_HEIGHT,int
dbo,IPTV_CHANNEL_F_20140917,OVERLAY_PIP_DISABLED,bit
dbo,IPTV_CHANNEL_F_20140917,TS_SERVER_ID,int
dbo,IPTV_CHANNEL_F_20140917,TS_WINDOW_DEPTH,datetime
dbo,IPTV_CHANNEL_F_20140917,TS_STREAM_NAME,varchar
dbo,IPTV_CHANNEL_F_20140917,DESCRIPTION,nvarchar
dbo,IPTV_CHANNEL_F_20140917,RADIO_STATION,bit
dbo,IPTV_CHANNEL_F_20140917,FORCED_ASPECT_RATIO,bit
dbo,IPTV_CHANNEL_LOOKUP,ID,int
dbo,IPTV_CHANNEL_LOOKUP,IMPORT_NAME,varchar
dbo,IPTV_CHANNEL_LOOKUP,CHANNEL_ID,int
dbo,IPTV_CHANNEL_SUBTITLE,ID,int
dbo,IPTV_CHANNEL_SUBTITLE,CHANNEL_ID,int
dbo,IPTV_CHANNEL_SUBTITLE,SUBTITLE_PID,int
dbo,IPTV_CHANNEL_SUBTITLE,SUBTITLE_CODEC_ID,int
dbo,IPTV_CHANNEL_SUBTITLE,LANGUAGE_ID,int
dbo,IPTV_CLONE_EPG,GIVING_CHANNEL_ID,int
dbo,IPTV_CLONE_EPG,RECEIVING_CHANNEL_ID,int
dbo,IPTV_CRYPTER,ID,int
dbo,IPTV_CRYPTER,CKEY,varchar
dbo,IPTV_CRYPTER,NAME,nvarchar
dbo,IPTV_EVENT,ID,int
dbo,IPTV_EVENT,UID,varchar
dbo,IPTV_EVENT,CHANNEL_ID,int
dbo,IPTV_EVENT,START_TIME,smalldatetime
dbo,IPTV_EVENT,END_TIME,smalldatetime
dbo,IPTV_EVENT,CATEGORY_ID,int
dbo,IPTV_EVENT,RATING_ID,int
dbo,IPTV_EVENT,NAME,nvarchar
dbo,IPTV_EVENT,EPISODE,nvarchar
dbo,IPTV_EVENT,SYNOPSIS,nvarchar
dbo,IPTV_EVENT,EDITED,bit
dbo,IPTV_EVENT,IMPORT_ID,int
dbo,IPTV_EVENT,lang,varchar
dbo,IPTV_EVENT,TotalSeconds,bigint
dbo,IPTV_EVENT,LIVE_SECONDS,bigint
dbo,IPTV_EVENT,LIVE_SESSIONS,bigint
dbo,IPTV_EVENT,TS_SECONDS,bigint
dbo,IPTV_EVENT,TS_SESSIONS,bigint
dbo,IPTV_EVENT,REC_SECONDS,bigint
dbo,IPTV_EVENT,REC_SESSIONS,bigint
dbo,IPTV_EVENT,TvrProgramId,int
dbo,IPTV_EVENT,CUTV_SERIES_ID,int
dbo,IPTV_EVENT_ENTITY_FIELD,ID,int
dbo,IPTV_EVENT_ENTITY_FIELD,FIELD,varchar
dbo,IPTV_EVENT_TELEMETRY_STEP,LAST_ID,int
dbo,IPTV_EVENT_TEMP,ID,int
dbo,IPTV_EVENT_TEMP,UID,uniqueidentifier
dbo,IPTV_EVENT_TEMP,CHANNEL_ID,int
dbo,IPTV_EVENT_TEMP,CATEGORY_ID,int
dbo,IPTV_EVENT_TEMP,RATING_ID,int
dbo,IPTV_EVENT_TEMP,IMPORT_ID,int
dbo,IPTV_EVENT_TEMP,START_TIME,smalldatetime
dbo,IPTV_EVENT_TEMP,END_TIME,smalldatetime
dbo,IPTV_EVENT_TEMP,NAME,nvarchar
dbo,IPTV_EVENT_TEMP,EPISODE,nvarchar
dbo,IPTV_EVENT_TEMP,SYNOPSIS,nvarchar
dbo,IPTV_EVENT_TEMP,EDITED,bit
dbo,IPTV_EVENT_TEMP,lang,varchar
dbo,IPTV_EVENTX,ID,int
dbo,IPTV_EVENTX,UID,varchar
dbo,IPTV_EVENTX,CHANNEL_ID,int
dbo,IPTV_EVENTX,START_TIME,smalldatetime
dbo,IPTV_EVENTX,END_TIME,smalldatetime
dbo,IPTV_EVENTX,CATEGORY_ID,int
dbo,IPTV_EVENTX,RATING_ID,int
dbo,IPTV_EVENTX,NAME,nvarchar
dbo,IPTV_EVENTX,EPISODE,nvarchar
dbo,IPTV_EVENTX,SYNOPSIS,nvarchar
dbo,IPTV_EVENTX,EDITED,bit
dbo,IPTV_EVENTX,IMPORT_ID,int
dbo,IPTV_EVENTX,lang,varchar
dbo,IPTV_IMPORT,ID,int
dbo,IPTV_IMPORT,NAME,varchar
dbo,IPTV_IMPORT,DATE,datetime
dbo,IPTV_IMPORT_CHANNEL_NAME,Name,varchar
dbo,IPTV_LANGUAGE,ID,int
dbo,IPTV_LANGUAGE,LKEY,varchar
dbo,IPTV_LANGUAGE,NAME,nvarchar
dbo,IPTV_PACKAGE,ID,int
dbo,IPTV_PACKAGE,CODE,nvarchar
dbo,IPTV_PACKAGE,NAME,nvarchar
dbo,IPTV_PACKAGE,TEST_ONLY,int
dbo,IPTV_PACKAGE,ENABLED,int
dbo,IPTV_PACKAGE,TENANT_ID,int
dbo,IPTV_PACKAGE,ID_OLD,int
dbo,IPTV_PACKAGE,UpdDate,datetime
dbo,IPTV_PACKAGE,USERID,int
dbo,IPTV_PACKAGE_CHANNEL,ID,int
dbo,IPTV_PACKAGE_CHANNEL,PACKAGE_ID,int
dbo,IPTV_PACKAGE_CHANNEL,CHANNEL_ID,int
dbo,IPTV_PACKAGE_CHANNEL,ENABLED,bit
dbo,IPTV_PACKAGE_CHANNEL,ORDER_WEIGHT,int
dbo,IPTV_PACKAGE_CHANNEL,CHANNEL,int
dbo,IPTV_PACKAGE_CHANNEL,ID_OLD,int
dbo,IPTV_PACKAGE_CHANNEL,UpdDate,datetime
dbo,IPTV_PACKAGE_CHANNEL,USERID,int
dbo,IPTV_PACKAGE_CHANNEL_OLD,ID,int
dbo,IPTV_PACKAGE_CHANNEL_OLD,PACKAGE_ID,int
dbo,IPTV_PACKAGE_CHANNEL_OLD,CHANNEL_ID,int
dbo,IPTV_PACKAGE_CHANNEL_OLD,ENABLED,bit
dbo,IPTV_PACKAGE_CHANNEL_OLD,ORDER_WEIGHT,int
dbo,IPTV_PACKAGE_CHANNEL_OLD,CHANNEL,int
dbo,IPTV_PACKAGE_CHANNEL_OLD,ID_OLD,int
dbo,IPTV_PACKAGE_CHANNEL_OLD,UpdDate,datetime
dbo,IPTV_PACKAGE_CHANNEL_OLD,USERID,int
dbo,IPTV_PACKAGE_OLD,ID,int
dbo,IPTV_PACKAGE_OLD,CODE,nvarchar
dbo,IPTV_PACKAGE_OLD,NAME,nvarchar
dbo,IPTV_PACKAGE_OLD,TEST_ONLY,int
dbo,IPTV_PACKAGE_OLD,ENABLED,int
dbo,IPTV_PACKAGE_OLD,TENANT_ID,int
dbo,IPTV_PACKAGE_OLD,ID_OLD,int
dbo,IPTV_PACKAGE_OLD,UpdDate,datetime
dbo,IPTV_PACKAGE_OLD,USERID,int
dbo,IPTV_RATING,ID,int
dbo,IPTV_RATING,NAME,nvarchar
dbo,IPTV_REGULAR_EXPRESSION,ID,int
dbo,IPTV_REGULAR_EXPRESSION,NAME,varchar
dbo,IPTV_REGULAR_EXPRESSION,EXPRESSION,varchar
dbo,IPTV_REGULAR_EXPRESSION,RESULT,varchar
dbo,IPTV_REGULAR_EXPRESSION,FIELD_ID,int
dbo,IPTV_REGULAR_EXPRESSION,PRIORITY,int
dbo,IPTV_REGULAR_EXPRESSION,FINAL,bit
dbo,IPTV_STREAM,ID,int
dbo,IPTV_STREAM,STKEY,varchar
dbo,IPTV_STREAM,NAME,nvarchar
dbo,IPTV_STREAM,SUPPLIER_ID,int
dbo,IPTV_STREAM_CHANNEL,ID,int
dbo,IPTV_STREAM_CHANNEL,CHANNEL_ID,int
dbo,IPTV_STREAM_CHANNEL,STREAM_ID,int
dbo,IPTV_SUBTITLE_CODEC,ID,int
dbo,IPTV_SUBTITLE_CODEC,CKEY,varchar
dbo,IPTV_SUBTITLE_CODEC,NAME,nvarchar
dbo,IPTV_SUPPLIER,ID,int
dbo,IPTV_SUPPLIER,NAME,nvarchar
dbo,IPTV_TIME_SHIFTING_SERVER,ID,int
dbo,IPTV_TIME_SHIFTING_SERVER,NAME,nvarchar
dbo,IPTV_TIME_SHIFTING_SERVER,ADDRESS,varchar
dbo,IPTV_TIME_SHIFTING_SERVER,PORT,int
dbo,IPTV_TIME_SHIFTING_SERVER,STORAGE_LOCATION,varchar
dbo,IPTV_TIME_SHIFTING_SERVER,VIDEO_SERVER_ROOT_PATH,varchar
dbo,IPTV_TIME_SHIFTING_SERVER,CONTROL_URL,varchar
dbo,IPTV_USER,ID,int
dbo,IPTV_USER,NAME,varchar
dbo,IPTV_USER,PASSWORD,varchar
dbo,IPTV_VIDEO_CODEC,ID,int
dbo,IPTV_VIDEO_CODEC,CKEY,varchar
dbo,IPTV_VIDEO_CODEC,NAME,nvarchar
dbo,Mobile_Metrics,ID,int
dbo,Mobile_Metrics,UserID,int
dbo,Mobile_Metrics,LoggedIn,datetime
dbo,Mobile_Metrics,LoggedOut,datetime
dbo,Mobile_Metrics,ClientIP,nvarchar
dbo,Mobile_Metrics,ServerIP,nvarchar
dbo,Mobile_Metrics,DeviceType,int
dbo,Mobile_Metrics,ClientSpeedMbps,float
dbo,Mobile_Metrics,BrowserCaps,nvarchar
dbo,Mobile_Metrics,BrowserUA,nvarchar
dbo,Mobile_Metrics,Device,nvarchar
dbo,Mobile_Metrics,Serial,nvarchar
dbo,Mobile_Metrics_DeviceTypes,ID,int
dbo,Mobile_Metrics_DeviceTypes,Type,nvarchar
dbo,Mobile_Metrics_VDRs,ID,int
dbo,Mobile_Metrics_VDRs,MetricsID,int
dbo,Mobile_Metrics_VDRs,Type,int
dbo,Mobile_Metrics_VDRs,StartTime,datetime
dbo,Mobile_Metrics_VDRs,EndTime,datetime
dbo,Mobile_Metrics_VDRs,ResourceName,nvarchar
dbo,Mobile_Metrics_VDRs,StreamServerIP,nvarchar
dbo,Mobile_Metrics_VDRs,InitialDelay_ms,float
dbo,Mobile_Metrics_VDRs,StreamSpeedMin_Mbps,float
dbo,Mobile_Metrics_VDRs,StreamSpeedMax_Mbps,float
dbo,Mobile_Metrics_VDRs,StreamSpeedAvg_Mbps,float
dbo,Mobile_Metrics_VDRs,TotalSegments,int
dbo,Mobile_Metrics_VDRs,TotalSize_kB,float
dbo,Mobile_Metrics_VDRs,Bitrate,nvarchar
dbo,Mobile_Metrics_VDRs,BufferEmptyCount,int
dbo,Mobile_Metrics_VDRs,BufferEmptyRecoveryAvg_ms,float
dbo,Mobile_Metrics_VDRTypes,ID,int
dbo,Mobile_Metrics_VDRTypes,Type,nvarchar
dbo,Mobile_Users,UserName,nvarchar
dbo,Mobile_Users,ID,int
dbo,Mobile_Users,Name,nvarchar
dbo,Mobile_Users,CLID,int
dbo,Mobile_Users,EMAIL,nvarchar
dbo,Mobile_Users,Password,nvarchar
dbo,Mobile_Users,Phone,nvarchar
dbo,Mobile_Users,Address,nvarchar
dbo,Mobile_Users,City,nvarchar
dbo,Mobile_Users,ZIP,nvarchar
dbo,Mobile_Users,EGN,nvarchar
dbo,Mobile_Users,Active,int
dbo,Mobile_Users,ActiveTill,datetime
dbo,Mobile_Users,Admin,int
dbo,Mobile_Users,CashPointID,int
dbo,Mobile_Users,UserGroupID,int
dbo,Mobile_Users,ID_OLD,nvarchar
dbo,Mobile_Users,UPDDATE,datetime
dbo,Mobile_Users,USERID,int
dbo,Mobile_Users,Secondary,int
dbo,Mobile_Users,TemporaryUserID,int
dbo,Mobile_Users,IPTV_SavedSession,varchar
dbo,Mobile_Users,IPTV_MaxSessions,int
dbo,MSG_Mailbox,ID,int
dbo,MSG_Mailbox,ClientID,int
dbo,MSG_Mailbox,Type,char
dbo,MSG_Message,ID,int
dbo,MSG_Message,MailboxID,int
dbo,MSG_Message,Subject,nvarchar
dbo,MSG_Message,Body,nvarchar
dbo,MSG_Message,Topic,varchar
dbo,MSG_Message,AttachmentMimeType,varchar
dbo,MSG_Message,AttachmentUrl,varchar
dbo,MSG_Message,Attachment,varchar
dbo,MSG_Message,ExpiryIfOpened,datetime
dbo,MSG_Message,ExpiryIfUnopened,datetime
dbo,MSG_Message,DecaySeconds,int
dbo,MSG_Message,AttachmentOpenDecaySeconds,int
dbo,MSG_Message,Important,bit
dbo,MSG_Message,Flash,bit
dbo,MSG_Message,Received,datetime
dbo,MSG_Message,Opened,datetime
dbo,MSG_Message,Deleted,datetime
dbo,NPVR_Channel,ID,int
dbo,NPVR_Channel,CKey,varchar
dbo,NPVR_Channel,SourceUrl,varchar
dbo,NPVR_Channel,RecordingServerID,int
dbo,NPVR_Channel,RecordingLocation,varchar
dbo,NPVR_Channel,StorageServerID,int
dbo,NPVR_Channel,StorageLocation,varchar
dbo,NPVR_Channel,UseTimeShiftRecords,bit
dbo,NPVR_Channel,AvgBitrateMbps,numeric
dbo,NPVR_Chunk,ID,int
dbo,NPVR_Chunk,ServerID,int
dbo,NPVR_Chunk,Location,varchar
dbo,NPVR_Chunk,ChannelID,int
dbo,NPVR_Chunk,StartTime,datetime
dbo,NPVR_Chunk,EndTime,datetime
dbo,NPVR_Chunk,Duration,int
dbo,NPVR_Chunk,RawStartTime,datetime
dbo,NPVR_Chunk,RawEndTime,datetime
dbo,NPVR_Chunk,StartKey,varchar
dbo,NPVR_Chunk,NextKey,varchar
dbo,NPVR_Chunk,UnixStartTime,int
dbo,NPVR_Chunk,UnixEndTime,int
dbo,NPVR_Chunk,PcrPid,int
dbo,NPVR_Chunk,VideoPid,int
dbo,NPVR_Chunk,VideoCodec,char
dbo,NPVR_Chunk,Created,datetime
dbo,NPVR_Chunk,Status,varchar
dbo,NPVR_Chunk,NumTries,int
dbo,NPVR_Chunk,NextTry,datetime
dbo,NPVR_Chunk,Done,datetime
dbo,NPVR_ChunkAudio,ID,int
dbo,NPVR_ChunkAudio,ChunkID,int
dbo,NPVR_ChunkAudio,SeqNo,int
dbo,NPVR_ChunkAudio,Pid,int
dbo,NPVR_ChunkAudio,Codec,char
dbo,NPVR_ChunkAudio,Language,char
dbo,NPVR_ChunkReference,ID,int
dbo,NPVR_ChunkReference,RecordID,int
dbo,NPVR_ChunkReference,ChunkID,int
dbo,NPVR_ChunkSubtitle,ID,int
dbo,NPVR_ChunkSubtitle,ChunkID,int
dbo,NPVR_ChunkSubtitle,SeqNo,int
dbo,NPVR_ChunkSubtitle,Pid,int
dbo,NPVR_ChunkSubtitle,Codec,char
dbo,NPVR_ChunkSubtitle,Language,char
dbo,NPVR_Job,ID,int
dbo,NPVR_Job,Type,varchar
dbo,NPVR_Job,Data,varchar
dbo,NPVR_Job,Created,datetime
dbo,NPVR_Job,Due,datetime
dbo,NPVR_JobDependency,DependentJobID,int
dbo,NPVR_JobDependency,MasterJobID,int
dbo,NPVR_JobDependency,Created,datetime
dbo,NPVR_Queue,ID,int
dbo,NPVR_Queue,ClientID,int
dbo,NPVR_Queue,ChannelID,int
dbo,NPVR_Queue,StartTime,datetime
dbo,NPVR_Queue,EndTime,datetime
dbo,NPVR_Queue,RawStartTime,datetime
dbo,NPVR_Queue,RawEndTime,datetime
dbo,NPVR_Queue,Duration,int
dbo,NPVR_Queue,Name,nvarchar
dbo,NPVR_Queue,Episode,nvarchar
dbo,NPVR_Queue,Synopsis,nvarchar
dbo,NPVR_Quota,ID,int
dbo,NPVR_Quota,ClientID,int
dbo,NPVR_Quota,DurationInMinutes,int
dbo,NPVR_Record,ID,int
dbo,NPVR_Record,ClientID,int
dbo,NPVR_Record,ChannelID,int
dbo,NPVR_Record,StartTime,datetime
dbo,NPVR_Record,EndTime,datetime
dbo,NPVR_Record,RawStartTime,datetime
dbo,NPVR_Record,RawEndTime,datetime
dbo,NPVR_Record,Duration,int
dbo,NPVR_Record,UnixStartTime,int
dbo,NPVR_Record,UnixEndTime,int
dbo,NPVR_Record,Position,datetime
dbo,NPVR_Record,LastWatched,datetime
dbo,NPVR_Record,AudioTrackLanguage,char
dbo,NPVR_Record,SubtitleLanguage,char
dbo,NPVR_Record,TotalRunningTimeInSeconds,int
dbo,NPVR_Record,Watched,bit
dbo,NPVR_Record,Name,nvarchar
dbo,NPVR_Record,Episode,nvarchar
dbo,NPVR_Record,Synopsis,nvarchar
dbo,NPVR_Record,IsWatched,bit
dbo,NPVR_Record,Created,datetime
dbo,NPVR_Record,Done,datetime
dbo,NPVR_Record,Deleted,datetime
dbo,NPVR_Server,ID,int
dbo,NPVR_Server,Name,nvarchar
dbo,NPVR_Server,Address,varchar
dbo,NPVR_Server,TempLocation,varchar
dbo,NPVR_Server,ControlUrl,varchar
dbo,NPVR_Server,VideoServerUrl,varchar
dbo,NPVR_Server,ChunkSizeInSeconds,int
dbo,NPVR_Server,VideoServerRootPath,varchar
dbo,NPVR_State_RecordedChannel,ChannelID,int
dbo,NPVR_State_RecordedChannel,ServerID,int
dbo,NPVR_State_RecordedChannel,SinceWhen,datetime
dbo,TVPR_Channel,ID,int
dbo,TVPR_Channel,ChannelId,int
dbo,TVPR_Program,ID,int
dbo,TVPR_Program,Native_LNG,char
dbo,TVPR_Program,ParentId,int
dbo,TVPR_Program,Type,char
dbo,TVPR_Program,Year,smallint
dbo,TVPR_Program_LNG,ID,int
dbo,TVPR_Program_LNG,LNG,char
dbo,TVPR_Program_LNG,Name,nvarchar
dbo,TVPR_Program_LNG,Synopsis,nvarchar
dbo,TVPR_Program_LNG,NameMatchRegex,nvarchar
dbo,TVPR_ProgramTag,ID,int
dbo,TVPR_ProgramTag,ProgramId,int
dbo,TVPR_ProgramTag,TagId,int
dbo,TVPR_ProgramTag,Role,char
dbo,TVPR_ProgramTag,Score,tinyint
dbo,TVPR_ProgramTag,DisplayOrder,tinyint
dbo,TVPR_Tag,ID,int
dbo,TVPR_Tag,Native_LNG,char
dbo,TVPR_Tag,Type,char
dbo,TVPR_Tag,DefaultScore,tinyint
dbo,TVPR_Tag_LNG,ID,int
dbo,TVPR_Tag_LNG,LNG,char
dbo,TVPR_Tag_LNG,Name,nvarchar
dbo,TVPR_Tag_LNG,Description,nvarchar
dbo,tz_country,country_code,char
dbo,tz_country,country_name,varchar
dbo,tz_default,zone_id,int
dbo,tz_offset,zone_id,int
dbo,tz_offset,time_start,smalldatetime
dbo,tz_offset,abbreviation,varchar
dbo,tz_offset,gmt_offset,int
dbo,tz_offset,dst,bit
dbo,tz_zone,zone_id,int
dbo,tz_zone,country_code,char
dbo,tz_zone,zone_name,varchar
